URL,ID,T√≠tulo,Fecha de publicaci√≥n,Idioma,Tipo,Transcripci√≥n,URLs encontradas
https://www.youtube.com/watch?v=qzDAGH4hn5s,qzDAGH4hn5s,CLONA cualquier FRONTEND en SEGUNDOS con este AGENTE IA GRATIS (servidor MCP),2025-03-12T01:43:37Z,N/A,N/A,Transcripci√≥n no disponible,
https://www.youtube.com/watch?v=CN6WAzq6IOU,CN6WAzq6IOU,MANUS üá®üá≥ ü§ØLIBERA la IA m√°s BESTIA de CHINA (GRATIS  y opensource),2025-03-11T03:01:58Z,N/A,N/A,Transcripci√≥n no disponible,
https://www.youtube.com/watch?v=MYRiggncm7g,MYRiggncm7g,CLONA lo que SEA GRATIS en minutos con SERVIDORES MCP  (te ense√±o c√≥mo),2025-03-06T08:40:34Z,N/A,N/A,Transcripci√≥n no disponible,
https://www.youtube.com/watch?v=SvPtmeEbYKI,SvPtmeEbYKI,CLONA cualquier APP GRATIS en ¬°SEGUNDOS! con este AGENTE IA ( servidor mcp + figma),2025-03-05T05:15:12Z,N/A,N/A,Transcripci√≥n no disponible,
https://www.youtube.com/watch?v=euBClwRamLs,euBClwRamLs,QwQ MAX - Usa la  Nueva IA china 100%  GRATIS  que supera a DEEPSEEK?,2025-03-04T14:30:16Z,N/A,N/A,Transcripci√≥n no disponible,
https://www.youtube.com/watch?v=0SOEJYYTV9M,0SOEJYYTV9M,ChatGPT es mejor que T√ö en tu PROFESI√ìN - NO pierdas m√°s tiempo  (y HAZ ESTO),2025-03-04T00:30:02Z,N/A,N/A,Transcripci√≥n no disponible,
https://www.youtube.com/watch?v=Y9h4ijbGG3g,Y9h4ijbGG3g,GPT 4.5 - la nueva TRAMPA de OpenAI,2025-02-28T05:53:53Z,N/A,N/A,Transcripci√≥n no disponible,
https://www.youtube.com/watch?v=zlaywfDNero,zlaywfDNero,SONNET 3.7 - ¬°USA el REY del SEO con IA  y GOOGLE amar√° tus WEBS!,2025-02-27T23:21:18Z,N/A,N/A,Transcripci√≥n no disponible,
https://www.youtube.com/watch?v=woc9y4BRjk0,woc9y4BRjk0,GEMINI CODE ASSISTANT crea apps full stack GRATIS sin c√≥digo (supera a Bolt ),2025-02-27T02:30:40Z,N/A,N/A,Transcripci√≥n no disponible,
https://www.youtube.com/watch?v=iccJkfRDOBs,iccJkfRDOBs,CONSTRUYE TU PRIMER VIDEO JUEGO EN 14 MINUTOS CON IA GRATIS,2025-02-26T05:45:01Z,N/A,N/A,Transcripci√≥n no disponible,
https://www.youtube.com/watch?v=Sk8y_v535oY,Sk8y_v535oY,¬°GRATIS! usa TODOS los agentes IA en el mismo lugar y sin c√≥digo (servidores MCP),2025-02-25T21:41:35Z,N/A,N/A,Transcripci√≥n no disponible,
https://www.youtube.com/watch?v=7zYpGNu9IRI,7zYpGNu9IRI,SONNET 3.7 - un NUEVO REY de la IA  (destruye a DEEPSEEK),2025-02-25T00:30:10Z,N/A,N/A,Transcripci√≥n no disponible,
https://www.youtube.com/watch?v=VGcvfbQ9L94,VGcvfbQ9L94,TOMA  la Oportunidad MILLONARIA con IA que nadie aprovechar√° (GPT WRAPPERS),2025-02-22T01:30:30Z,N/A,N/A,Transcripci√≥n no disponible,
https://www.youtube.com/watch?v=K_rQrUilFc0,K_rQrUilFc0,Usa la Nueva IA china 100 GRATIS %  ¬øDe Tik Tok y  SUPERA a BOLT?  üá®üá≥ TRAE,2025-02-19T22:38:25Z,N/A,N/A,Transcripci√≥n no disponible,
https://www.youtube.com/watch?v=GJs_a_9J9-Y,GJs_a_9J9-Y,GROK 3 ya est√° AQU√ç  ‚ùå  ¬ø el nuevo Rey de la IA o puro HYPE ? (PRUEBA a fondo),2025-02-18T23:53:21Z,N/A,N/A,Transcripci√≥n no disponible,
https://www.youtube.com/watch?v=PC7Iykz-86Q,PC7Iykz-86Q,ChatGPT ahora es BASADO üò≥,2025-02-17T21:00:50Z,N/A,N/A,Transcripci√≥n no disponible,
https://www.youtube.com/watch?v=KnEcJnAhm0g,KnEcJnAhm0g,CREA tu 1er agente IA gratis con n8n (chatbot TELEGRAM) en 9 minutos,2025-02-16T14:30:08Z,N/A,N/A,Transcripci√≥n no disponible,
https://www.youtube.com/watch?v=od96alQgcig,od96alQgcig,Nadie encuentra trabajo ahora mismo (IA reemplaz√≥ mi profesi√≥n),2025-02-15T00:45:04Z,N/A,N/A,Transcripci√≥n no disponible,
https://www.youtube.com/watch?v=4-bX04O8HNw,4-bX04O8HNw,Este JAILBREAK LIBERA cualquier LLM IA en SEGUNDOS (no puedo creer que sea tan F√ÅCIL),2025-02-14T01:30:02Z,N/A,N/A,Transcripci√≥n no disponible,
https://www.youtube.com/watch?v=Iheb37qYNww,Iheb37qYNww,IA Deepseek RESPONDE: est√°s üíÄ,2025-02-13T08:16:11Z,N/A,N/A,Transcripci√≥n no disponible,
https://www.youtube.com/watch?v=aSZ-YjuVf_I,aSZ-YjuVf_I,CONSTRUYE lo que SEA con LE CHAT Mistral  - Te muestro c√≥mo,2025-02-12T06:00:01Z,N/A,N/A,Transcripci√≥n no disponible,
https://www.youtube.com/watch?v=RjvcYiw-yJ8,RjvcYiw-yJ8,3 tareas que solamente GEMINI 2.0 PRO es capaz de hacer GRATIS (RIP DEEPSEEK),2025-02-11T14:30:14Z,N/A,N/A,Transcripci√≥n no disponible,
https://www.youtube.com/watch?v=1d8_QNjxk7w,1d8_QNjxk7w,Usa √©sta alternativa a DEEP RESEARCH (200 usd) GRATIS ¬øy MEJOR?,2025-02-09T19:33:26Z,N/A,N/A,Transcripci√≥n no disponible,
https://www.youtube.com/watch?v=T_fOapGJ_IU,T_fOapGJ_IU,Liber√© a CHAGPT üò≥#jailbreak,2025-02-09T01:58:51Z,N/A,N/A,Transcripci√≥n no disponible,
https://www.youtube.com/watch?v=Tc-oUebDqdo,Tc-oUebDqdo,Google ha MUERT0 - As√≠ posicionas SITIOS WEB SEO en ¬øChatGPT? (m√©todo secreto ),2025-02-08T05:20:41Z,N/A,N/A,Transcripci√≥n no disponible,
https://www.youtube.com/watch?v=X1xYzINdypw,X1xYzINdypw,Google GEMINI flash 2.0 destruy√≥ a DEEPSEEK en precios pero... ¬øcrea C√ìDIGO TOP? üîù,2025-02-07T05:24:16Z,N/A,N/A,Transcripci√≥n no disponible,
https://www.youtube.com/watch?v=No8TppaBGIQ,No8TppaBGIQ,IA vs IA ¬øqui√©n lo hizo MEJOR? #deepseek #o3mini #openai #ia,2025-02-06T07:46:45Z,N/A,N/A,Transcripci√≥n no disponible,
https://www.youtube.com/watch?v=pP5dIfeqkeU,pP5dIfeqkeU,GOOGLE lanza 3 nuevos MODELOS IA gratis en un d√≠a ü§Ø - GEMINI FLASH 2.0,2025-02-06T00:25:00Z,N/A,N/A,Transcripci√≥n no disponible,
https://www.youtube.com/watch?v=sU22GC5cIk8,sU22GC5cIk8,Crea contenido SEO con DEEPSEEK IA %100 humano (GOOGLE ama este truco),2025-02-03T17:32:46Z,N/A,N/A,Transcripci√≥n no disponible,
https://www.youtube.com/watch?v=QtTfZshFD-Q,QtTfZshFD-Q,Silicon Valley se la COMI√ì a üá®üá≥üò≥ #deepseek,2025-02-02T23:54:48Z,N/A,N/A,Transcripci√≥n no disponible,
https://www.youtube.com/watch?v=p7_LdE3uA68,p7_LdE3uA68,O3 MINI est√° AQU√ç! - ¬øOpenAI acab√≥ con el hype de DEEPSEEK? (IA gratis),2025-02-01T01:55:57Z,N/A,N/A,Transcripci√≥n no disponible,
https://www.youtube.com/watch?v=OKU5567hDAw,OKU5567hDAw,Quieren tumbar DEEPSEEK üêã 5 alternativas para seguir usando la IA china GRATIS,2025-01-31T04:30:14Z,N/A,N/A,Transcripci√≥n no disponible,
https://www.youtube.com/watch?v=YLFVc8_su2s,YLFVc8_su2s,Adios OpenAi üëã hola Deepseek üê≥,2025-01-30T14:58:36Z,N/A,N/A,Transcripci√≥n no disponible,
https://www.youtube.com/watch?v=HBKZHNmT2ys,HBKZHNmT2ys,¬øQui√©n miente? DEEPSEEK R1 vs Chat GPT o1 en n√∫meros,2025-01-30T03:31:47Z,N/A,N/A,Transcripci√≥n no disponible,
https://www.youtube.com/watch?v=ol0CbtPHkNQ,ol0CbtPHkNQ,RE-Construye a la INVERSA cualquier cosa con DEEPSEEK R1 en minutos! (IA gratis),2025-01-29T21:19:46Z,N/A,N/A,Transcripci√≥n no disponible,
https://www.youtube.com/watch?v=B45NCIY0y-U,B45NCIY0y-U,¬øDEEPSEEK enga√±√≥ a TODOS? 3 verdades sobre la super IA CHINA ‚Äúgratis‚Äù,2025-01-28T23:36:28Z,N/A,N/A,Transcripci√≥n no disponible,
https://www.youtube.com/watch?v=rMU6uBDw9qo,rMU6uBDw9qo,BROWSER USE supera a OPERATOR de OpenAI (200 USD) y es GRATIS,2025-01-26T13:30:28Z,N/A,N/A,Transcripci√≥n no disponible,
https://www.youtube.com/watch?v=CuVfN-C7w6c,CuVfN-C7w6c,Deepseek R1 hizo TEMBLAR a OpenAI y Sam Altman lo admite.. ¬ødemasiado tarde?,2025-01-24T15:21:55Z,N/A,N/A,Transcripci√≥n no disponible,
https://www.youtube.com/watch?v=cxXMp687NNw,cxXMp687NNw,¬°No uses DEEPSEEK R1 AS√ç! ( usa ARQUITECTO IA + Roo Code),2025-01-23T12:00:51Z,N/A,N/A,Transcripci√≥n no disponible,
https://www.youtube.com/watch?v=3aAM_G6EqZQ,3aAM_G6EqZQ,CONSTRUYE lo que SEA con DEEPSEEK R1 - te ense√±o c√≥mo (mejor que o1),2025-01-22T04:00:02Z,N/A,N/A,Transcripci√≥n no disponible,
https://www.youtube.com/watch?v=GKuw1e6hG2Q,GKuw1e6hG2Q,DEEPSEEK R1 ü§Ø  ¬øCHINA acaba de CREAR  la IA AGI GRATIS y supera a o1?,2025-01-21T02:24:53Z,N/A,N/A,Transcripci√≥n no disponible,
https://www.youtube.com/watch?v=Hd5zCzOA6Qg,Hd5zCzOA6Qg,CODESTRAL V2  -¬øUn modelo IA 100% GRATIS mejor que 4o para C√ìDIGO?  ü§Ø,2025-01-18T04:30:10Z,N/A,N/A,Transcripci√≥n no disponible,
https://www.youtube.com/watch?v=4Rr7HmH3qmk,4Rr7HmH3qmk,"LLAMACODER v2  ¬øsupera a bolt.new, es gratis y de META? - Crea apps full stack sin codigo",2025-01-16T13:30:02Z,N/A,N/A,Transcripci√≥n no disponible,
https://www.youtube.com/watch?v=bEA-Enachr4,bEA-Enachr4,Construye frontends TOP GRATIS con 21ST.DEV IA en segundos,2025-01-15T11:00:57Z,N/A,N/A,Transcripci√≥n no disponible,
https://www.youtube.com/watch?v=Nvb51bkuWpA,Nvb51bkuWpA,üï∏Ô∏èCRAWL4AI -  haz WEBSCRAPING con IA GRATIS y sin RIESGOS üï∑Ô∏è,2025-01-14T13:00:26Z,N/A,N/A,Transcripci√≥n no disponible,
https://www.youtube.com/watch?v=g09oHMMD4PA,g09oHMMD4PA,DEEPSEEK controla tu PC! WEB-UI: el agente IA que hace tareas en tu equipo GRATIS,2025-01-13T04:00:26Z,N/A,N/A,Transcripci√≥n no disponible,
https://www.youtube.com/watch?v=_Ms30AcvORI,_Ms30AcvORI,"Zuckerberg a programadores de META: ""IA escribir√° nuestro C√≥digo""",2025-01-12T06:20:00Z,N/A,N/A,Transcripci√≥n no disponible,
https://www.youtube.com/watch?v=njMXcLYrqo4,njMXcLYrqo4,Integra DEEPSEEK V3 en CURSOR ...te ense√±o c√≥mo:,2025-01-09T03:03:52Z,N/A,N/A,Transcripci√≥n no disponible,
https://www.youtube.com/watch?v=cVqsIDXIvdo,cVqsIDXIvdo,Trucazo! GitHub + IA | me das GRACIAS luego,2025-01-07T06:21:53Z,N/A,N/A,Transcripci√≥n no disponible,
https://www.youtube.com/watch?v=P74bALLe5xU,P74bALLe5xU,CONSTRUYE lo que sea con GROK 2...,2025-01-07T01:31:59Z,N/A,N/A,Transcripci√≥n no disponible,
https://www.youtube.com/watch?v=Z3EgheX4beM,Z3EgheX4beM,MINIPERPLX - xAI Lanza alternativa a PERPLEXITY gratis  y opensource,2025-01-06T00:02:28Z,N/A,N/A,Transcripci√≥n no disponible,
https://www.youtube.com/watch?v=ANVYqgYMjx8,ANVYqgYMjx8,Crea tu primer agente IA con SMOLAGENTS gratis,2025-01-05T06:25:01Z,N/A,N/A,Transcripci√≥n no disponible,
https://www.youtube.com/watch?v=XLtJ5HnrK80,XLtJ5HnrK80,Chat gpt intent√≥ ESCAPAR‚Ä¶ otra vezüíÄ #chatgpt,2025-01-04T01:38:35Z,N/A,N/A,Transcripci√≥n no disponible,
https://www.youtube.com/watch?v=1Hqb68eRHRc,1Hqb68eRHRc,DEEPSEEK ARTIFACTS  ü§Ø es mejor que Bolt y 100% gratis? usa V3 sin Costo!,2025-01-03T00:52:47Z,N/A,N/A,Transcripci√≥n no disponible,
https://www.youtube.com/watch?v=YySrg5vlfRc,YySrg5vlfRc,CONSTRUYE lo que sea con Bolt.DIY  (GRATIS-OPENSOURCE),2025-01-02T04:43:14Z,N/A,N/A,Transcripci√≥n no disponible,
https://www.youtube.com/watch?v=1_8sTZX1SCM,1_8sTZX1SCM,IA en 2025 - No es lo que piensas,2025-01-01T00:00:00Z,N/A,N/A,Transcripci√≥n no disponible,
https://www.youtube.com/watch?v=DkjdDStHIBY,DkjdDStHIBY,CONSTRUYE lo que sea  con DEEPSEEK V3,2024-12-31T05:53:18Z,N/A,N/A,Transcripci√≥n no disponible,
https://www.youtube.com/watch?v=WJ2SZYEpV2k,WJ2SZYEpV2k,DEEPSEEK V3 es ü§Ø el futuro es OPENSOURCE.... ¬øSupera a SONNET 3.5?,2024-12-28T05:00:48Z,N/A,N/A,Transcripci√≥n no disponible,
https://www.youtube.com/watch?v=OEROxL6Z1XY,OEROxL6Z1XY,"GEMINICODER supera a bolt.new, es gratis y de GOOGLE- Crea apps full stack en segundos",2024-12-27T04:53:40Z,N/A,N/A,Transcripci√≥n no disponible,
https://www.youtube.com/watch?v=1doXXfxxh_U,1doXXfxxh_U,Bienvenido a la Cofrad.IA  ( h√°zte patreon),2024-12-24T23:05:58Z,N/A,N/A,Transcripci√≥n no disponible,
https://www.youtube.com/watch?v=B5JH-G2Najw,B5JH-G2Najw,MULTIPLICA x5 tu productividad c/ REGLAS para agentes IA de C√≥digo,2024-12-24T04:22:41Z,N/A,N/A,Transcripci√≥n no disponible,
https://www.youtube.com/watch?v=JA-1kxbzHKc,JA-1kxbzHKc,Rebeli√≥n en la IA - la Guerra que viene en 2025,2024-12-23T00:00:00Z,N/A,N/A,Transcripci√≥n no disponible,
https://www.youtube.com/watch?v=YZ8fRI6wTMQ,YZ8fRI6wTMQ,Gracias üôè Opiniones sobre la Cofrad.IA  (suscr√≠bete)  #ia,2024-12-22T01:24:19Z,N/A,N/A,Transcripci√≥n no disponible,
https://www.youtube.com/watch?v=WuDDdWjiAk8,WuDDdWjiAk8,DA MIEDO - OpenAI  lanza o3 : la IA m√°s poderosa del mundo‚Ä¶,2024-12-21T02:44:18Z,N/A,N/A,Transcripci√≥n no disponible,
https://www.youtube.com/watch?v=1jND-PHxbQE,1jND-PHxbQE,Una API para TODO - construye lo que SEA con GEMINI IA MULTIMODAL,2024-12-20T04:26:10Z,N/A,N/A,Transcripci√≥n no disponible,
https://www.youtube.com/watch?v=JNNrw2oZwr4,JNNrw2oZwr4,Programar VALE CERO! ¬øCu√°l  agente IA de C√≥digo es para t√≠?,2024-12-19T04:00:19Z,N/A,N/A,Transcripci√≥n no disponible,
https://www.youtube.com/watch?v=Qp7NPsEZlgE,Qp7NPsEZlgE,Este agente IA te ahorra HORAS es GRATIS y supera a CURSOR -  (SERVIDORES MCP),2024-12-17T14:30:09Z,N/A,N/A,Transcripci√≥n no disponible,
https://www.youtube.com/watch?v=RpwUSPtg3xY,RpwUSPtg3xY,GEMINI 2.0 es genial y gratis pero ¬øes MEJOR que CURSOR? + CLINE  = ü§Ø,2024-12-16T15:00:26Z,N/A,N/A,Transcripci√≥n no disponible,
https://www.youtube.com/watch?v=o0fJNgdtMuM,o0fJNgdtMuM,Ya VIVES en una DISTOP√çA  #propositos #2025  #ia,2024-12-15T20:04:11Z,N/A,N/A,Transcripci√≥n no disponible,
https://www.youtube.com/watch?v=g8SV0o-gir0,g8SV0o-gir0,GEMINI 2.0 flash es algo ESPECIAL... ¬øGoogle hizo un buen MODELO IA al FIN?,2024-12-12T16:26:00Z,N/A,N/A,Transcripci√≥n no disponible,
https://www.youtube.com/watch?v=KbilimZc4PE,KbilimZc4PE,ü§ñ este Agente IA  crea im√°genes gratis y en tu equipo ! |  FLUX / CLAUDE MCP,2024-12-11T12:00:25Z,N/A,N/A,Transcripci√≥n no disponible,
https://www.youtube.com/watch?v=tuvPgUMJnSI,tuvPgUMJnSI,ü§ñCREA tu 1er agente IA GRATIS en minutos con MCP CLAUDE,2024-12-07T04:34:00Z,N/A,N/A,Transcripci√≥n no disponible,
https://www.youtube.com/watch?v=UAgQCsg23Sg,UAgQCsg23Sg,Jordan Peterson :‚ÄùIA confirma que este mundo existe‚Äù ü§ñ #chatgpt,2024-12-06T04:51:46Z,N/A,N/A,Transcripci√≥n no disponible,
https://www.youtube.com/watch?v=dssWmquxS7Q,dssWmquxS7Q,CLAUDE IA  me da la RAZ√ìN: la clave del SEO en 2025 es...,2024-12-04T07:00:46Z,N/A,N/A,Transcripci√≥n no disponible,
https://www.youtube.com/watch?v=C5omysPXSq8,C5omysPXSq8,‚ÄúLa IA es su fin‚Äù üíÄ CEO de NVIDIA VS programadores üò≥ üî• #jensenhuang,2024-12-04T00:41:34Z,N/A,N/A,Transcripci√≥n no disponible,
https://www.youtube.com/watch?v=AWimBsna-x8,AWimBsna-x8,"¬øCHAT GPT se NIEGA a decir ""David Mayer""?... por esta raz√≥n (ROTHSCHILD)",2024-12-03T00:31:27Z,N/A,N/A,Transcripci√≥n no disponible,
https://www.youtube.com/watch?v=l7jEcaD9DCw,l7jEcaD9DCw,WINDSURF  supera a CURSOR y cuesta la mitad ü§ë?  batalla por el trono  de CODIGO IA,2024-11-30T03:18:00Z,N/A,N/A,Transcripci√≥n no disponible,
https://www.youtube.com/watch?v=-GNtHP3Uo0s,-GNtHP3Uo0s,Aprende a ENGA√ëAR a GOOGLE con IA ü§ñ  SEO gratis sin RIESGOS en 2025,2024-11-29T03:34:50Z,N/A,N/A,Transcripci√≥n no disponible,
https://www.youtube.com/watch?v=wYjYiBoz_ao,wYjYiBoz_ao,"CURSOR se ACTUALIZA  y usa agentes IA ¬øSupera a Bolt.new, y cline?",2024-11-26T22:00:36Z,N/A,N/A,Transcripci√≥n no disponible,
https://www.youtube.com/watch?v=NJ26p6PHwmU,NJ26p6PHwmU,üêã DEEPSEEK SUPERA a o1 PREVIEW y es GRATIS? Usa el LLM üá®üá≥  pero ten CUIDADO,2024-11-23T05:14:00Z,N/A,N/A,Transcripci√≥n no disponible,
https://www.youtube.com/watch?v=YtJsu4SkAnU,YtJsu4SkAnU,¬°Google MIENTE!  AS√ç de F√ÅCIL es  posicionar palabras clave SEO con IA,2024-11-22T02:29:23Z,N/A,N/A,Transcripci√≥n no disponible,
https://www.youtube.com/watch?v=wullMGxK1OA,wullMGxK1OA,CHAT GPT DESKTOP destruye a Cursor | NUEVA herramienta IA para c√≥digo de OPENAI (TUTORIAL),2024-11-20T23:22:00Z,N/A,N/A,Transcripci√≥n no disponible,
https://www.youtube.com/watch?v=lDVHRk-u7Yw,lDVHRk-u7Yw,¬øCLINE ü§ñ es GRATIS  y DESTRUYE a  BOLT?  la mejor herramienta CODIGO IA es...,2024-11-19T21:52:00Z,N/A,N/A,Transcripci√≥n no disponible,
https://www.youtube.com/watch?v=hMNymaP-y3A,hMNymaP-y3A,Mi idea MILLONARIA m√°s SIMPLE de implementar con IA‚Ä¶ Ahora es TUYA,2024-11-18T04:16:00Z,N/A,N/A,Transcripci√≥n no disponible,
https://www.youtube.com/watch?v=xs0Q0aqf5W8,xs0Q0aqf5W8,no aprendas PROGRAMACI√ìN... mejor aprende CURSOR IA,2024-11-13T22:10:00Z,N/A,N/A,Transcripci√≥n no disponible,
https://www.youtube.com/watch?v=A1l_KsZcByE,A1l_KsZcByE,GOOGLE NO quiere que lo sepas‚Ä¶ SEO con IA en 2025 gratis con PERPLEXITY,2024-11-12T23:10:00Z,N/A,N/A,Transcripci√≥n no disponible,
https://www.youtube.com/watch?v=EJwv2lBVEiQ,EJwv2lBVEiQ,Crea tu propio sitio web INMOBILIARIO con INTELIGENCIA ARTIFICIAL en minutos,2024-11-01T14:30:06Z,N/A,N/A,Transcripci√≥n no disponible,
https://www.youtube.com/watch?v=vnd6YWzFEwc,vnd6YWzFEwc,Google Ads ha muerto...  Haz esto con IA GRATIS en 2025,2024-10-30T02:32:00Z,N/A,N/A,Transcripci√≥n no disponible,
https://www.youtube.com/watch?v=LJSpfK4PFIk,LJSpfK4PFIk,CLAUDE COMPUTER ü§ñ |  Anthropic MANTIENE el TRONO de la inteligencia  artificial üëë,2024-10-25T04:15:02Z,N/A,N/A,Transcripci√≥n no disponible,
https://www.youtube.com/watch?v=y1Ujm8IkWe8,y1Ujm8IkWe8,BOLT.NEW ‚ö°Ô∏è el FIN de Wordpress est√° cerca  - Creo un sitio PRO en 10 minutos con IA gratis,2024-10-21T05:45:02Z,N/A,N/A,Transcripci√≥n no disponible,
https://www.youtube.com/watch?v=hIrNBWKUHYk,hIrNBWKUHYk,"OpenAI o1 - El ""mejor modelo de IA"" ¬øsirve para algo?",2024-10-18T03:30:20Z,N/A,N/A,Transcripci√≥n no disponible,
https://www.youtube.com/watch?v=mYWN1IBndGM,mYWN1IBndGM,El episodio final de Los simpsons: acabar con IA una serie artificial,2024-10-17T05:00:00Z,N/A,N/A,Transcripci√≥n no disponible,
https://www.youtube.com/watch?v=RC5H-89w-tw,RC5H-89w-tw,Haz el SEO de tu WEB en MINUTOS  - INTERLINKING c/ CHATGPT CANVAS / CLAUDE,2024-10-15T23:15:01Z,N/A,N/A,Transcripci√≥n no disponible,
https://www.youtube.com/watch?v=WU34xDpk4pg,WU34xDpk4pg,C√≥mo CREAR un SOFTWARE de PAGA con IA GRATIS en minutos (NO CODE),2024-10-14T17:30:04Z,N/A,N/A,Transcripci√≥n no disponible,
https://www.youtube.com/watch?v=VVJLpyCyczI,VVJLpyCyczI,ROBA mi HACK de CLAUDE  - PLAN SEO L√ìGICO con IA GRATIS,2024-10-11T03:45:03Z,N/A,N/A,Transcripci√≥n no disponible,
https://www.youtube.com/watch?v=-Mgges68bXE,-Mgges68bXE,POSICIONA palabras clave GRATIS con PERPLEXITY SEO sin ARRUINAR tu web,2024-10-10T04:30:00Z,N/A,N/A,Transcripci√≥n no disponible,
https://www.youtube.com/watch?v=qeYLul_tfWU,qeYLul_tfWU,CANVAS CHATGPT ¬øPROMPTS cortos o largos? NO pierdas m√°s tiempo!,2024-10-08T22:45:03Z,N/A,N/A,Transcripci√≥n no disponible,
https://www.youtube.com/watch?v=9WKJOPVWCM0,9WKJOPVWCM0,CHATGPT CANVAS vs CLAUDE ARTIFACTS | No puedeo creer el ganador...,2024-10-07T21:42:26Z,N/A,N/A,Transcripci√≥n no disponible,
https://www.youtube.com/watch?v=WtWfso0Ii5s,WtWfso0Ii5s,‚ÄòLos Anillos de Poder‚Äô es TODO lo que est√° MAL con el entretenimiento moderno (ft. familia de orcos),2024-09-06T16:00:33Z,N/A,N/A,Transcripci√≥n no disponible,
https://www.youtube.com/watch?v=W2QCEaq1p-8,W2QCEaq1p-8,"DISNEY, es por tu bien: CANCELA el estreno de Blanca Nieves... NADIE quiere ver esta MI3RDA",2024-09-01T16:30:07Z,N/A,N/A,Transcripci√≥n no disponible,
https://www.youtube.com/watch?v=N_aKScC3-4g,N_aKScC3-4g,La Crucifixi0n femenina ü§Ø #jordanpeterson,2024-08-29T17:27:46Z,N/A,N/A,Transcripci√≥n no disponible,
https://www.youtube.com/watch?v=vnhmEqx1Vo8,vnhmEqx1Vo8,Blanca Nieves: la √∫ltima PESADILLA WOKE que NADIE podr√° CREER (An√°lisis TRAILER),2024-08-21T05:40:37Z,N/A,N/A,Transcripci√≥n no disponible,
https://www.youtube.com/watch?v=289BXSXMfS4,289BXSXMfS4,¬øDiego Ruzzarin NO SABE que defender al DICTADOR MADURO es indefendible?,2024-08-15T04:12:57Z,N/A,N/A,Transcripci√≥n no disponible,
https://www.youtube.com/watch?v=sW7oANslQ2s,sW7oANslQ2s,Este DEBER√çA ser el FIN de MrBeast (Kris Tyson NO era EL √öNICO....),2024-08-09T04:52:25Z,N/A,N/A,Transcripci√≥n no disponible,
https://www.youtube.com/watch?v=qhjITZpFRNs,qhjITZpFRNs,MrBeast sab√≠a TODO lo que Ava Kris Tyson hac√≠a en DISCORD,2024-07-29T07:30:57Z,N/A,N/A,Transcripci√≥n no disponible,
https://www.youtube.com/watch?v=4249mUR-uHo,4249mUR-uHo,¬øQu√© ha dicho Elon Musk sobre su hijo que ha DEVASTADO a Jordan Peterson?,2024-07-25T02:15:00Z,N/A,N/A,Transcripci√≥n no disponible,
https://www.youtube.com/watch?v=NR4AeK_RTok,NR4AeK_RTok,"The ACOLYTE CONFIRMA que DISNEY ODIA a  los FANS de STAR WARS ¬øPUEDE ser tan MALA por ""ERROR""?",2024-06-23T07:06:42Z,N/A,N/A,Transcripci√≥n no disponible,
https://www.youtube.com/watch?v=V99G8dPMJiw,V99G8dPMJiw,STAR WARS ha MUERTO de SID4: DISNEY cre√≥ The ACOLYTE para ACABAR para SIEMPRE con la SAGA ORIGINAL,2024-06-15T09:47:05Z,N/A,N/A,Transcripci√≥n no disponible,
https://www.youtube.com/watch?v=rjWbbLGNOzk,rjWbbLGNOzk,ASI fue el PRIMER MES del ORGULLO  DESCRIPCI√ìN ‚¨áÔ∏è,2024-06-02T23:55:49Z,N/A,N/A,Transcripci√≥n no disponible,
https://www.youtube.com/watch?v=WLkOYCxx1fs,WLkOYCxx1fs,"NO digas ‚ÄúCREO en DIOS‚Äù, o te puede pasar‚Ä¶",2024-05-20T06:07:09Z,N/A,N/A,Transcripci√≥n no disponible,
https://www.youtube.com/watch?v=ZFpmNmbYVMI,ZFpmNmbYVMI,El COMPLEJO de V√çCTIMA de las INFLUENCERS FITNESS est√° DESTRUYENDO tu PROGRESO en el GYM,2024-05-13T20:15:06Z,N/A,N/A,Transcripci√≥n no disponible,
https://www.youtube.com/watch?v=sFwC-p23TQ4,sFwC-p23TQ4,"Faitelson destruye a la REIMERS, el Futbol FEMENIL NO EXISTIR√çA  sin ESTO",2024-04-05T06:20:29Z,N/A,N/A,Transcripci√≥n no disponible,
https://www.youtube.com/watch?v=o1IFLYUi7J8,o1IFLYUi7J8,"MUJERES son CULPABLES tambi√©n de ESTO, seg√∫n Jordan Peterson",2024-03-20T23:43:51Z,N/A,N/A,Transcripci√≥n no disponible,
https://www.youtube.com/watch?v=HyaPaGFGNA4,HyaPaGFGNA4,La FRIVOLIDAD del FEMINISMO MODERNO hecha persona,2024-03-20T01:16:46Z,N/A,N/A,Transcripci√≥n no disponible,
https://www.youtube.com/watch?v=mjaqUloEVaM,mjaqUloEVaM,QU√â  debes HACER cuando has GANADO? NADIE como DIOS  #motivaciongym  #futbolamericano,2024-02-02T20:25:39Z,N/A,N/A,Transcripci√≥n no disponible,
https://www.youtube.com/watch?v=el6uwD39EGg,el6uwD39EGg,"El PROBLEMA del ""TEMACH"" y lo que OCULTA:  AN√ÅLISIS objetivo (Ni fan, ni hater) ¬ødebe ser CANCELADO?",2024-01-26T06:19:28Z,N/A,N/A,Transcripci√≥n no disponible,
https://www.youtube.com/watch?v=IS1vF2sWOk8,IS1vF2sWOk8,La VIOLENTA PEL√çCULA que se HAR√Å REALIDAD ANTES de su ESTRENO? : GUERRA CIVIL (AN√ÅLISIS TRAILER) EU,2024-01-05T17:06:46Z,N/A,N/A,Transcripci√≥n no disponible,
https://www.youtube.com/watch?v=Z56d5Spg5uo,Z56d5Spg5uo,"""THE MARVELS"" REVELA que DISNEY piensa ESTO de su AUDIENCIA",2023-11-18T05:48:06Z,N/A,N/A,Transcripci√≥n no disponible,
https://www.youtube.com/watch?v=UQTRPpu4dk4,UQTRPpu4dk4,SOUTH PARK contra DISNEY y el MIEDO a ser REMPLAZADO por una lesbiana,2023-11-07T21:15:10Z,N/A,N/A,Transcripci√≥n no disponible,
https://www.youtube.com/watch?v=KW7dlkIKwfo,KW7dlkIKwfo,Rachel Zegler NO es el PEOR problema de Disney‚Ä¶,2023-10-27T02:34:25Z,N/A,N/A,Transcripci√≥n no disponible,
https://www.youtube.com/watch?v=98cjXZoXaVU,98cjXZoXaVU,¬øDel BESO al ABUSO? El OPORTUNO VICTIMISMO de Jenni Hermoso | Appsclavitud 53,2023-09-04T01:12:39Z,N/A,N/A,Transcripci√≥n no disponible,
https://www.youtube.com/watch?v=Ij7I6G-PGNc,Ij7I6G-PGNc,La lecci√≥n de MILEI: NO me PISOTEES | Appsclavitud Podcast 51,2023-08-20T23:19:10Z,N/A,N/A,Transcripci√≥n no disponible,
https://www.youtube.com/watch?v=PmhnW11707w,PmhnW11707w,SONIDO de LIBERTAD : Lo que NO quieren que SEPAS ‚ùò Appsclavitud Podcast #45,2023-07-13T06:00:14Z,N/A,N/A,Transcripci√≥n no disponible,
https://www.youtube.com/watch?v=B6O5Iiqz_qg,B6O5Iiqz_qg,Quieres una vida C√ìMODA? piensa otra vez #shorts,2023-07-04T01:23:36Z,N/A,N/A,Transcripci√≥n no disponible,
https://www.youtube.com/watch?v=dlKWHySxxcM,dlKWHySxxcM,La ra√≠z de tu ANSIEDAD que NADIE te ha explicado: Jordan Peterson,2023-03-17T21:00:06Z,N/A,N/A,Transcripci√≥n no disponible,
https://www.youtube.com/watch?v=BJpR1Eyo4YY,BJpR1Eyo4YY,#23 | CHAT GPT: ¬øLa Inteligencia Artificial que  se quedar√° con tu trabajo?,2023-01-09T23:49:00Z,N/A,N/A,Transcripci√≥n no disponible,
https://www.youtube.com/watch?v=l3rDV6TxOd0,l3rDV6TxOd0,240k antes // 240k ahora  #shorts #motivacion  #motivaciongym  #powerlifting  #pesomuerto,2022-12-12T02:41:07Z,N/A,N/A,Transcripci√≥n no disponible,
https://www.youtube.com/watch?v=IC1ez65dTjs,IC1ez65dTjs,Por qu√©  hay m√°s gente en DEPRESI√ìN que NUNCA #shorts  #jordanpeterson  #ansiedad  #appsclavitud,2022-12-11T22:16:11Z,N/A,N/A,Transcripci√≥n no disponible,
https://www.youtube.com/watch?v=Y_ax8H3UfNk,Y_ax8H3UfNk,Toma en cuenta esto para  un crecer tu pecho #powerlifting  #shorts  #motivaciongym  #masculinidad,2022-11-11T03:23:04Z,N/A,N/A,Transcripci√≥n no disponible,
https://www.youtube.com/watch?v=Vh6NUR4FhrU,Vh6NUR4FhrU,Cuando #Thor dijo...  #shorts  #shortvideo  #deadlift  #pesomuerto  #powerlifting  #fuerza,2022-10-30T22:56:05Z,N/A,N/A,Transcripci√≥n no disponible,
https://www.youtube.com/watch?v=89YCeuakUPg,89YCeuakUPg,C√≥mo es entrenar #fuerza #benchpress  #powerlifting  #gym #shorts #motivation  #motivacion,2022-10-07T04:04:52Z,N/A,N/A,Transcripci√≥n no disponible,
https://www.youtube.com/watch?v=ObaKFH1AlJ0,ObaKFH1AlJ0,C√≥mo es entrenar fuerza #shorts  #deadlift  #pesomuerto  #powerlifting  #gym  #gymrat #masculinidad,2022-10-06T03:02:41Z,N/A,N/A,Transcripci√≥n no disponible,
https://www.youtube.com/watch?v=FEtyXcIDnGA,FEtyXcIDnGA,C√≥mo es entrenar fuerza #shorts  #fuerza #powerlifting  #deadlift #pesomuerto #motivacion #gym,2022-10-04T20:29:46Z,N/A,N/A,Transcripci√≥n no disponible,
https://www.youtube.com/watch?v=8I45pG0Eb4Y,8I45pG0Eb4Y,Episodio #01 | Cansado de mi existencia: La conversi√≥n de Shia Labeouf | Appsclavitud Podcast,2022-09-26T22:17:23Z,N/A,N/A,Transcripci√≥n no disponible,
